{
  "name": "IRremote",
  "keywords": "communication, infrared, ir, remote",
  "description": "Send and receive infrared signals with multiple protocols",
  "repository":
  {
    "type": "git",
    "url": "https://github.com/z3t0/Arduino-IRremote.git"
  },
  "version": "3.6.0",
  "frameworks": "arduino",
  "platforms": ["atmelavr", "atmelmegaavr", "atmelsam", "espressif8266", "espressif32", "ststm32"],
  "authors" :
  [
     {
       "name":"Armin Joachimsmeyer",
       "email":"armin.arduino@gmail.com"
     },
     {
       "name":"Rafi Khan",
       "email":"rafi@rafikhan.io"
     },
     {
       "name":"Ken Shirriff",
       "email":"ken.shirriff@gmail.com"
     }
  ],
  "headers": "IRRemote.hpp"
}
